feature,importance
median_income,0.5142012145941735
latitude,0.11186267901636657
ocean_proximity,0.11136385009250918
longitude,0.10932774930733859
housing_median_age,0.05253885566941836
population,0.033986696254449084
total_rooms,0.024781073575032654
total_bedrooms,0.02290579024013255
households,0.019032091250579558
