feature,contribution
median_income <= 2.56,-88654.93485992355
0.00 < ocean_proximity <= 1.00,-70592.05550719137
latitude > 37.72,-57489.581150055186
population <= 787.00,22220.533918903566
-121.81 < longitude <= -118.51,13590.990693108675
18.00 < housing_median_age <= 29.00,-6028.727512091725
295.25 < total_bedrooms <= 434.00,-3130.773599610801
households <= 280.00,2201.372320199643
2125.00 < total_rooms <= 3131.75,1998.110677612772
